Depth,net_pp,sd
3,1409.993308,120.0046509
5,1491.548602,99.9759374
7,2536.829717,305.2870781
9,3210.227353,158.8252551
11,1322.211971,103.3579136
13,908.5777832,67.44677293
